{
  "generatedAt": "2026-04-11T17:02:35.7771518Z",
  "workload": {
    "messages": 10000,
    "warmup": 500,
    "runs": 3,
    "payloadBytes": 256,
    "producers": 1,
    "consumers": 1,
    "prefetch": 200,
    "targets": [
      "kueue",
      "rabbitmq"
    ]
  },
  "summaries": [
    {
      "target": "kueue",
      "runs": [
        {
          "target": "kueue",
          "run": 1,
          "messages": 10000,
          "payloadBytes": 256,
          "producers": 1,
          "consumers": 1,
          "publishSeconds": 3.3884306,
          "consumeSeconds": 32.3829212,
          "endToEndSeconds": 32.3829212,
          "publishRate": 2951.218773670619,
          "consumeRate": 308.8047535378001,
          "latencyP50Ms": 6805.4532,
          "latencyP95Ms": 28147.3235,
          "latencyP99Ms": 30583.1215,
          "latencyMaxMs": 32314.9954,
          "publishedMessages": 10000,
          "consumedMessages": 10000
        },
        {
          "target": "kueue",
          "run": 2,
          "messages": 10000,
          "payloadBytes": 256,
          "producers": 1,
          "consumers": 1,
          "publishSeconds": 3.4915929,
          "consumeSeconds": 31.5679759,
          "endToEndSeconds": 31.5679759,
          "publishRate": 2864.022320586114,
          "consumeRate": 316.7767243512119,
          "latencyP50Ms": 9150.2171,
          "latencyP95Ms": 27419.8541,
          "latencyP99Ms": 29606.2436,
          "latencyMaxMs": 31314.2,
          "publishedMessages": 10000,
          "consumedMessages": 10000
        },
        {
          "target": "kueue",
          "run": 3,
          "messages": 10000,
          "payloadBytes": 256,
          "producers": 1,
          "consumers": 1,
          "publishSeconds": 3.6892468000000003,
          "consumeSeconds": 32.5432285,
          "endToEndSeconds": 32.5432285,
          "publishRate": 2710.580381881743,
          "consumeRate": 307.2835874289486,
          "latencyP50Ms": 9386.881,
          "latencyP95Ms": 27754.926,
          "latencyP99Ms": 30344.5403,
          "latencyMaxMs": 32381.2109,
          "publishedMessages": 10000,
          "consumedMessages": 10000
        }
      ],
      "medianResult": {
        "target": "kueue",
        "run": 0,
        "messages": 10000,
        "payloadBytes": 256,
        "producers": 1,
        "consumers": 1,
        "publishSeconds": 3.4915929,
        "consumeSeconds": 32.3829212,
        "endToEndSeconds": 32.3829212,
        "publishRate": 2864.022320586114,
        "consumeRate": 308.8047535378001,
        "latencyP50Ms": 9150.2171,
        "latencyP95Ms": 27754.926,
        "latencyP99Ms": 30344.5403,
        "latencyMaxMs": 32314.9954,
        "publishedMessages": 10000,
        "consumedMessages": 10000
      }
    },
    {
      "target": "rabbitmq",
      "runs": [
        {
          "target": "rabbitmq",
          "run": 1,
          "messages": 10000,
          "payloadBytes": 256,
          "producers": 1,
          "consumers": 1,
          "publishSeconds": 29.4608538,
          "consumeSeconds": 29.4608538,
          "endToEndSeconds": 29.4608538,
          "publishRate": 339.4334756177365,
          "consumeRate": 339.4334756177365,
          "latencyP50Ms": 2.2028,
          "latencyP95Ms": 3.2791,
          "latencyP99Ms": 3.9536,
          "latencyMaxMs": 9.4654,
          "publishedMessages": 10000,
          "consumedMessages": 10000
        },
        {
          "target": "rabbitmq",
          "run": 2,
          "messages": 10000,
          "payloadBytes": 256,
          "producers": 1,
          "consumers": 1,
          "publishSeconds": 29.3355681,
          "consumeSeconds": 29.3355681,
          "endToEndSeconds": 29.3355681,
          "publishRate": 340.88312065107067,
          "consumeRate": 340.88312065107067,
          "latencyP50Ms": 2.1601,
          "latencyP95Ms": 2.8792,
          "latencyP99Ms": 3.4896,
          "latencyMaxMs": 30.9288,
          "publishedMessages": 10000,
          "consumedMessages": 10000
        },
        {
          "target": "rabbitmq",
          "run": 3,
          "messages": 10000,
          "payloadBytes": 256,
          "producers": 1,
          "consumers": 1,
          "publishSeconds": 29.2915023,
          "consumeSeconds": 29.2915023,
          "endToEndSeconds": 29.2915023,
          "publishRate": 341.39594130684105,
          "consumeRate": 341.39594130684105,
          "latencyP50Ms": 2.1056,
          "latencyP95Ms": 2.9129,
          "latencyP99Ms": 3.6248,
          "latencyMaxMs": 21.7429,
          "publishedMessages": 10000,
          "consumedMessages": 10000
        }
      ],
      "medianResult": {
        "target": "rabbitmq",
        "run": 0,
        "messages": 10000,
        "payloadBytes": 256,
        "producers": 1,
        "consumers": 1,
        "publishSeconds": 29.3355681,
        "consumeSeconds": 29.3355681,
        "endToEndSeconds": 29.3355681,
        "publishRate": 340.88312065107067,
        "consumeRate": 340.88312065107067,
        "latencyP50Ms": 2.1601,
        "latencyP95Ms": 2.9129,
        "latencyP99Ms": 3.6248,
        "latencyMaxMs": 21.7429,
        "publishedMessages": 10000,
        "consumedMessages": 10000
      }
    }
  ]
}